{"A":{"0":1.6476154738,"1":0.898817464,"2":0.9492387415,"3":0.6599052856,"4":0.5413637256,"5":-0.9520007087,"6":-1.3948321625,"7":0.1624748469,"8":-0.7347227694,"9":0.9664823692},"B":{"0":0.9130642303,"1":-1.1496885898,"2":-1.8610893514,"3":0.4288614263,"4":-1.6076893351,"5":0.1608511654,"6":0.5028415084,"7":-0.5575162037,"8":-0.3117865439,"9":-0.5307230125},"C":{"0":-0.019505409,"1":1.8926517888,"2":-0.4324127679,"3":-0.0204484454,"4":0.5779730326,"5":-0.1602404764,"6":0.9730069351,"7":0.3059026989,"8":-0.1557089739,"9":-1.5289798515},"D":{"0":-1.1559709874,"1":0.1008916885,"2":0.8658937155,"3":0.9658456403,"4":0.6286506709,"5":-1.0624691829,"6":-0.4880287488,"7":-0.5665531578,"8":2.394494437,"9":-0.2877331409},"E":{"0":-0.5653558378,"1":-1.1301005272,"2":-1.4477686797,"3":-0.0337243417,"4":0.7441786245,"5":-1.2568849851,"6":-0.5070700905,"7":-0.4209291142,"8":0.154627695,"9":1.7485855172}}